ID,condition,b1_upright,b2_upright,b3_upright,b4_upright,b5_upright,b6_upright,b7_upright,b8_upright,b9_upright,b10_upright,b11_upright,b12_upright,b13_upright,b14_upright,b15_upright,b16_upright,b17_upright,b18_upright,b19_upright,b20_upright,b21_upright,b22_upright,b23_upright,b24_upright,b25_upright,b26_upright,b27_upright,b28_upright,b29_upright,b30_upright,b31_upright,b32_upright,b33_upright,b34_upright,b35_upright,b36_upright,w1_upright,w2_upright,w3_upright,w4_upright,w5_upright,w6_upright,w7_upright,w8_upright,w9_upright,w10_upright,w11_upright,w12_upright,w13_upright,w14_upright,w15_upright,w16_upright,w17_upright,w18_upright,w19_upright,w20_upright,w21_upright,w22_upright,w23_upright,w24_upright,w25_upright,w26_upright,w27_upright,w28_upright,w29_upright,w30_upright,w31_upright,w32_upright,w33_upright,w34_upright,w35_upright,w36_upright,b1_1_inverted,b2_1_inverted,b3_1_inverted,b4_1_inverted,b5_1_inverted,b6_1_inverted,b7_1_inverted,b8_1_inverted,b9_1_inverted,b10_1_inverted,b11_1_inverted,b12_1_inverted,b13_1_inverted,b14_1_inverted,b15_1_inverted,b16_1_inverted,b17_1_inverted,b18_1_inverted,b19_1_inverted,b20_1_inverted,b21_1_inverted,b22_1_inverted,b23_1_inverted,b24_1_inverted,b25_1_inverted,b26_1_inverted,b27_1_inverted,b28_1_inverted,b29_1_inverted,b30_1_inverted,b31_1_inverted,b32_1_inverted,b33_1_inverted,b34_1_inverted,b35_1_inverted,b36_1_inverted,w1_1_inverted,w2_1_inverted,w3_1_inverted,w4_1_inverted,w5_1_inverted,w6_1_inverted,w7_1_inverted,w8_1_inverted,w9_1_inverted,w10_1_inverted,w11_1_inverted,w12_1_inverted,w13_1_inverted,w14_1_inverted,w15_1_inverted,w16_1_inverted,w17_1_inverted,w18_1_inverted,w19_1_inverted,w20_1_inverted,w21_1_inverted,w22_1_inverted,w23_1_inverted,w24_1_inverted,w25_1_inverted,w26_1_inverted,w27_1_inverted,w28_1_inverted,w29_1_inverted,w30_1_inverted,w31_1_inverted,w32_1_inverted,w33_1_inverted,w34_1_inverted,w35_1_inverted,w36_1_inverted
R_9tpBgvLYIcBANZr,Dom,2,2,2,2,2,2,2,2,2,3,2,2,2,2,2,2,1,2,2,1,2,1,2,2,2,2,2,2,2,1,2,1,1,1,2,1,2,3,4,2,2,3,3,2,2,2,2,3,3,2,3,3,2,2,2,2,2,2,2,2,2,2,2,2,2,1,2,2,2,2,3,2,1,2,2,1,1,2,2,2,2,1,2,1,1,1,2,2,2,2,2,2,3,2,2,2,1,2,2,2,2,1,2,3,2,2,2,2,2,1,2,3,2,3,2,3,2,2,2,2,2,2,2,2,2,2,3,3,2,3,3,2,2,2,3,3,2,2,2,4,2,2,2,2
R_2nsUhT5XQqChjsF,Dom,4,2,5,2,2,2,2,3,3,3,2,2,3,1,2,2,2,3,2,2,2,3,3,1,1,2,2,1,2,4,2,2,2,1,1,4,1,1,4,5,2,4,3,2,1,1,1,2,1,2,2,1,2,5,1,2,1,2,2,2,2,2,3,2,1,2,1,1,2,2,3,1,2,2,3,3,2,2,3,2,2,3,3,2,2,2,2,2,3,2,2,2,3,2,3,2,2,2,2,1,2,4,2,3,2,2,2,2,1,1,2,2,1,1,3,1,1,1,2,1,1,1,3,1,1,1,2,3,2,2,2,2,3,2,2,2,2,2,2,2,1,2,2,2
R_bBi9mbsZkrWMTtP,Dom,5,5,3,2,2,5,5,4,5,4,5,4,4,5,3,5,4,2,6,5,4,5,3,4,4,5,6,3,3,5,4,5,4,3,3,4,3,5,3,2,3,5,2,5,4,5,3,3,4,3,5,2,4,3,3,6,3,2,2,3,5,4,2,5,3,4,2,3,3,3,4,3,3,4,3,3,3,4,4,3,3,4,3,3,2,3,3,4,3,2,5,2,2,5,5,6,5,2,5,4,3,5,4,3,5,3,4,3,3,3,3,3,4,4,3,4,3,3,3,2,4,3,5,3,4,4,2,5,2,2,2,2,4,3,2,5,2,2,3,3,3,3,3,3
R_9S4IOpycLnLYkxn,Dom,5,4,4,3,4,4,5,3,4,3,4,5,3,4,4,5,4,3,3,2,2,2,4,3,4,5,3,3,2,5,2,3,5,4,3,5,4,5,5,5,5,5,5,5,4,4,5,4,4,4,5,4,3,5,4,4,4,4,5,3,5,5,4,3,3,4,3,4,5,2,5,4,3,3,3,4,3,5,4,3,3,4,4,3,3,3,3,4,4,3,4,4,4,4,4,3,5,4,4,3,5,5,4,4,4,4,4,4,4,4,3,4,4,4,4,5,5,4,3,3,4,4,4,4,4,4,4,5,4,5,4,3,5,4,3,4,3,4,4,3,4,4,4,4
R_1Yun3c4Q0BNonu5,Dom,4,4,4,3,3,3,4,3,3,3,4,3,3,4,3,4,3,3,3,3,4,4,4,4,4,4,4,3,4,4,4,3,4,4,2,4,2,4,3,4,4,3,3,4,3,3,3,3,4,3,3,3,3,4,3,2,3,3,3,3,4,3,3,3,3,3,3,3,4,2,3,3,4,3,4,4,3,3,3,3,4,3,4,3,3,4,4,4,3,3,3,3,3,3,4,3,4,4,4,4,3,4,4,4,4,4,3,4,3,3,4,3,3,3,2,3,3,3,4,3,4,3,3,3,3,3,3,3,3,3,3,3,3,3,4,3,3,3,3,3,3,3,3,3
R_0wiSPsckPlED9s1,Dom,3,5,6,4,3,4,5,3,5,5,4,3,5,4,5,3,4,3,6,5,3,4,6,2,6,4,4,4,4,6,5,2,5,4,3,6,3,6,4,4,5,4,3,3,4,3,4,3,5,4,3,5,3,5,2,3,3,3,4,3,4,5,2,3,3,2,4,3,4,3,3,2,4,5,6,4,3,3,5,4,5,5,4,4,3,4,4,3,4,3,5,3,4,4,3,3,4,4,3,4,4,6,3,4,3,4,4,4,5,5,3,4,3,4,3,2,3,3,4,3,3,4,5,4,3,3,3,3,4,3,3,3,3,4,4,4,4,4,4,3,3,4,3,3
R_01Eu2leKnwsoupf,Dom,4,5,4,4,5,4,4,4,4,5,5,4,4,5,4,4,5,5,4,4,4,5,4,4,4,5,5,3,4,4,4,4,4,5,4,4,5,5,4,5,6,5,6,6,5,6,5,6,5,5,4,5,5,5,4,5,4,5,5,5,5,5,5,6,4,4,5,5,4,3,6,5,4,5,4,5,5,4,5,5,5,5,5,5,5,4,5,5,5,5,5,5,4,4,5,5,4,4,5,5,5,4,4,5,5,5,4,5,6,5,5,5,6,5,5,5,5,5,5,5,5,5,5,5,5,5,5,5,6,6,5,5,5,5,4,4,5,5,5,5,5,4,4,5
R_02LO0NmmixisNsF,Dom,5,5,7,1,5,6,6,7,3,6,6,2,3,5,2,6,4,5,7,6,4,3,5,4,6,5,6,4,1,6,5,2,4,4,1,4,3,6,3,2,2,7,2,2,4,2,5,3,6,2,4,7,1,6,5,3,4,3,4,2,3,3,4,4,2,7,4,3,2,1,5,5,6,5,6,5,3,4,7,4,6,7,7,5,4,4,5,5,4,4,6,5,5,5,4,5,5,7,7,3,5,7,3,6,6,5,3,6,2,5,2,2,1,2,1,3,5,3,3,3,3,2,4,5,4,5,5,2,4,3,4,3,4,3,3,2,1,4,3,2,4,3,5,5
R_0GshUokUo5Mnemx,Dom,5,4,3,1,1,4,4,3,3,4,1,2,4,3,4,4,1,2,4,5,3,3,2,1,4,5,4,3,3,5,5,3,3,2,3,4,1,2,4,3,2,4,1,2,2,3,3,1,4,1,3,2,2,4,4,2,3,1,1,1,5,2,1,4,2,2,1,1,1,1,2,2,5,3,2,1,1,1,1,2,2,2,2,2,2,2,4,3,2,2,5,4,3,2,2,3,5,5,4,3,4,5,3,3,2,3,2,4,1,1,1,3,1,1,1,1,1,1,2,1,2,1,1,1,1,2,2,2,1,2,2,1,3,2,2,2,2,3,1,2,1,1,2,2
R_7WduiUprnUKeWbj,Dom,6,4,5,4,4,3,3,4,4,4,5,5,4,3,4,4,5,3,4,3,2,3,2,2,2,4,3,2,2,5,3,3,2,2,4,3,2,4,2,4,4,3,3,3,3,3,2,2,3,4,3,4,4,4,4,2,1,2,3,3,2,2,3,2,2,3,2,2,3,2,3,3,2,2,2,2,2,2,2,3,2,4,4,4,2,2,2,3,3,3,3,2,2,4,2,2,2,4,2,2,2,4,4,3,2,2,3,3,2,3,2,3,3,2,3,3,3,3,3,4,2,3,4,4,3,4,3,3,2,2,2,2,3,2,4,2,3,3,2,4,2,2,2,4
R_3V2fFqvluzYsFWB,Dom,7,7,5,4,4,5,3,4,5,5,5,5,6,6,6,6,4,4,5,5,3,2,3,6,6,6,5,3,3,5,4,3,5,3,3,5,1,5,4,3,4,5,3,3,4,3,3,3,3,2,6,2,5,5,4,4,3,3,2,2,3,3,3,4,5,3,2,3,4,2,3,3,6,4,4,4,3,3,3,3,3,5,5,5,4,5,5,5,3,3,7,5,4,7,4,4,5,6,6,5,6,6,5,6,5,6,5,5,1,4,3,2,2,2,2,2,2,2,3,2,3,2,5,3,3,4,4,4,3,2,2,3,4,3,1,2,4,3,2,2,2,2,3,4
R_0oBpHTIZwjVQ7hb,Dom,5,4,5,1,2,3,4,2,4,3,4,4,2,3,3,5,4,2,4,4,1,3,2,2,4,3,3,3,2,6,5,3,2,5,2,5,1,4,3,3,1,2,1,3,3,2,3,3,3,2,3,1,2,3,3,1,2,2,1,1,3,2,2,4,3,2,2,1,3,2,4,2,4,3,5,3,3,2,4,2,4,3,4,3,3,2,2,3,3,2,4,3,2,3,3,3,4,3,4,3,4,5,4,3,3,2,3,3,1,3,3,2,2,2,2,2,3,4,3,2,3,2,4,2,2,4,3,3,2,1,2,1,4,1,2,2,2,2,1,2,1,2,2,2
R_0NxmUmianCRZdIh,Dom,1,2,2,1,2,2,2,1,2,2,2,2,2,2,3,2,1,2,2,2,2,2,2,2,2,2,2,3,4,3,2,2,3,3,2,2,2,3,4,4,3,3,2,3,2,2,2,2,3,2,2,3,2,3,2,2,2,2,2,2,3,2,4,2,3,2,3,3,2,3,2,2,3,3,3,3,2,2,3,3,2,3,2,2,2,2,3,2,2,3,3,2,3,3,3,3,3,2,3,3,2,4,2,2,2,3,4,3,2,2,2,3,3,3,3,3,3,3,3,3,3,3,3,3,3,3,2,3,3,3,2,3,2,2,3,2,3,2,2,3,3,2,3,3
R_9phsVw2MTsVVC2V,Dom,6,5,5,4,4,5,4,4,5,4,5,6,4,5,5,4,5,5,5,4,4,4,4,4,4,4,3,4,4,5,4,4,4,4,5,5,3,5,4,4,3,4,4,5,5,5,4,4,5,4,4,6,4,6,5,3,3,4,4,4,4,3,4,4,4,4,3,4,4,3,4,5,5,4,6,5,4,4,4,4,5,4,4,4,4,4,4,5,4,4,5,4,4,5,4,4,4,5,3,3,4,5,4,5,4,4,5,5,3,5,4,4,3,4,4,5,4,4,3,3,4,4,4,5,4,5,4,5,4,4,4,4,5,4,3,5,5,4,5,3,4,3,4,5
R_2giUSnXbhT6GigZ,Dom,7,5,6,3,4,5,5,6,5,5,5,4,6,3,5,6,4,4,6,5,4,4,3,5,7,6,5,6,6,7,6,6,6,5,5,5,2,5,6,3,4,3,3,3,5,4,4,3,5,5,4,5,4,6,4,4,3,2,4,2,3,2,6,5,4,6,4,3,5,1,3,2,7,6,7,6,5,5,6,7,6,5,6,6,6,6,6,6,4,4,7,5,4,6,6,4,6,5,6,6,6,7,6,6,4,6,4,6,2,4,6,3,6,4,4,2,2,2,2,2,6,6,6,6,4,6,5,3,3,1,5,3,5,5,4,4,6,4,2,2,4,2,5,3
R_0Jpv2VqXNpjurBj,Dom,6,5,5,3,3,5,5,4,5,5,6,5,4,5,3,5,4,6,7,4,5,3,3,3,4,5,5,4,3,7,5,3,3,4,3,4,3,5,4,4,7,5,5,3,5,3,3,5,5,4,5,5,4,6,5,2,2,3,3,3,4,3,5,4,6,6,3,2,4,2,4,5,5,3,5,4,3,3,5,4,6,6,5,4,4,4,4,4,3,3,6,4,6,4,4,3,4,6,5,4,5,7,6,5,4,3,5,5,3,2,3,3,7,3,3,3,3,2,2,3,4,5,4,4,2,5,3,4,4,2,4,3,3,5,6,5,5,4,3,3,4,3,4,7
R_6zh7Xv3jBqkR1SB,Dom,4,4,4,3,3,5,4,3,3,3,3,4,4,4,3,4,3,3,5,3,3,3,3,2,3,4,3,3,3,3,3,2,3,3,2,4,3,3,3,3,3,4,3,2,2,2,2,3,2,3,2,3,2,2,2,3,2,2,2,1,2,2,4,2,3,3,3,2,2,2,3,2,3,3,3,4,4,4,4,4,4,4,4,4,4,3,3,4,4,4,3,3,4,4,3,3,3,4,4,3,3,4,4,3,3,3,3,4,3,3,3,3,3,3,3,3,3,3,3,3,3,3,3,3,3,3,4,3,3,3,3,3,2,3,3,3,3,3,3,3,3,3,3,3
R_0HDbCK27MAawrCl,Dom,7,3,3,2,5,3,4,2,4,5,1,5,2,3,1,3,3,3,7,2,3,5,2,4,4,2,3,3,2,5,2,2,2,4,4,2,1,7,5,3,1,4,7,3,5,4,5,3,5,6,6,1,7,6,5,7,3,5,2,1,2,3,5,5,5,7,6,2,7,1,7,6,4,5,7,5,3,7,7,5,6,6,5,4,3,4,4,6,6,1,3,2,2,6,6,3,4,6,5,6,2,5,3,5,5,5,6,5,2,6,4,3,3,4,3,5,3,4,5,2,2,3,2,2,4,4,5,5,3,4,4,1,2,3,7,5,7,7,2,2,2,2,4,6
R_8Bustt7lxrrAGnH,Dom,7,3,5,6,3,2,6,5,6,3,7,5,5,3,6,5,6,4,6,2,1,1,4,2,3,4,4,2,5,3,2,2,3,3,3,5,5,6,7,6,2,2,7,5,7,4,3,3,6,5,6,5,6,7,6,4,3,4,6,4,2,4,5,4,5,6,6,6,7,5,4,5,4,5,5,4,4,5,6,4,4,3,4,4,5,4,5,4,6,7,6,6,4,5,5,2,5,3,5,4,6,5,6,4,5,6,5,4,6,6,3,3,4,3,5,6,6,4,4,6,7,6,5,6,5,4,6,6,6,5,5,5,3,5,5,6,4,4,5,6,4,3,7,5
R_8zR6FHbW9qPWcEl,Dom,2,5,5,1,1,5,2,1,3,5,2,5,3,4,4,3,1,2,5,6,2,3,2,5,4,4,5,2,3,6,5,2,3,5,4,3,1,3,2,4,3,5,2,2,3,3,4,2,3,5,4,5,3,6,2,3,2,2,2,3,5,4,4,5,4,3,3,1,4,1,3,3,6,5,6,3,3,2,4,5,5,6,6,5,4,5,4,5,2,2,7,3,2,4,3,5,4,6,5,2,5,6,2,2,3,3,4,4,1,4,3,5,3,4,4,4,5,3,3,2,4,3,5,5,3,6,4,4,2,2,2,1,4,2,5,1,4,3,2,1,2,1,5,3
R_dbxweY0mkvR66ZT,Dom,7,7,7,6,3,7,4,7,2,5,7,7,6,7,6,6,7,4,7,7,3,5,4,5,6,7,3,5,7,7,5,5,7,6,5,4,2,2,2,2,2,3,3,5,3,5,3,2,5,2,3,4,3,3,4,4,2,1,2,2,4,3,1,3,5,4,3,2,2,1,2,3,6,6,6,4,4,4,5,5,4,6,6,6,4,4,4,6,4,4,6,7,4,6,7,2,6,5,6,4,5,7,6,5,6,6,3,6,1,2,2,2,1,2,2,3,3,2,3,2,2,2,3,3,3,3,5,3,3,2,3,3,3,2,2,3,4,3,2,2,3,5,6,3
R_4HGSFrxIdZw0bzf,Dom,4,5,4,4,2,4,4,3,3,3,4,5,3,4,3,3,4,2,5,4,2,2,2,2,4,4,2,3,3,5,4,3,3,3,5,4,1,4,3,4,3,4,5,5,4,5,4,1,5,5,5,5,5,6,6,3,1,1,2,2,4,1,2,2,3,2,2,1,3,2,4,3,4,3,3,4,2,2,4,3,4,3,3,5,4,3,3,4,2,2,6,5,3,4,3,3,5,4,4,5,3,5,3,4,4,3,5,4,1,3,2,2,2,2,3,3,4,3,4,1,3,4,5,4,4,5,5,5,2,3,3,3,4,3,4,3,4,3,2,2,4,2,4,5
R_0JapSWyVEm9Nmdf,Dom,5,3,7,3,4,5,4,5,6,4,3,7,2,3,2,4,6,4,6,5,5,3,4,6,2,3,3,4,3,6,3,4,4,3,2,4,1,5,5,3,4,2,7,3,4,5,3,4,6,6,5,6,7,6,7,2,3,2,5,3,3,3,3,3,7,7,7,5,5,1,6,6,4,4,6,5,5,6,3,5,4,7,4,2,4,3,3,6,6,6,3,4,4,4,4,3,4,4,3,3,4,7,5,4,5,3,5,4,5,7,5,4,4,5,6,6,5,4,2,6,5,6,5,7,5,5,3,3,3,4,2,4,4,2,4,4,6,4,6,5,6,2,4,4
R_bl8XlZULTWmWxGl,Dom,6,5,5,4,3,5,4,4,5,5,3,6,5,5,4,6,4,4,6,2,2,2,4,3,5,4,6,5,4,6,5,4,5,3,4,3,2,2,2,4,3,3,3,4,2,3,4,3,2,2,4,4,3,5,3,3,2,2,2,2,5,2,4,2,6,2,2,1,4,1,4,5,5,5,6,4,3,4,3,2,5,5,4,6,4,3,4,3,4,2,5,4,5,5,6,3,5,3,4,6,4,6,5,6,4,4,5,5,2,2,3,4,1,3,1,1,2,1,1,1,3,6,5,2,2,4,4,4,2,2,2,2,3,2,2,2,3,2,2,2,1,2,2,4
R_3l5TnRpkYS3n4r3,Dom,6,5,5,2,2,5,6,5,6,2,5,6,1,3,4,5,2,2,5,5,5,2,4,3,5,5,6,2,5,5,5,3,5,5,5,6,2,6,2,2,2,3,2,3,2,2,3,2,6,2,5,5,5,2,2,2,2,3,2,2,2,3,2,2,3,2,2,3,3,2,3,2,6,6,6,4,4,3,5,5,2,3,3,3,5,5,5,4,2,2,5,5,5,5,4,3,5,5,4,6,6,5,5,5,6,2,3,6,2,2,2,2,2,2,2,2,2,2,2,2,2,2,2,2,1,2,2,5,3,2,2,2,2,2,2,2,2,2,2,2,2,2,2,2
R_cN2E6vhF0Lt8o7j,Dom,5,5,6,4,4,3,5,5,5,4,5,4,4,4,4,4,4,3,5,4,5,4,4,4,3,4,3,3,4,4,3,4,3,3,5,4,2,6,4,4,4,5,5,4,4,3,4,3,4,5,4,4,4,4,4,5,3,3,2,3,3,3,3,4,4,5,3,2,3,2,4,5,4,4,4,3,4,4,4,4,5,4,4,4,4,4,4,4,4,3,5,4,4,4,4,4,5,4,4,4,4,4,4,5,4,4,4,4,3,3,3,5,5,4,5,5,5,5,5,4,4,3,4,4,3,4,4,4,3,4,3,2,4,4,5,4,4,3,2,3,3,3,5,5
R_0rcTkz0toTVWXNH,Dom,4,3,5,3,3,3,4,2,4,3,3,3,3,3,3,3,4,3,4,3,3,3,3,3,4,3,3,3,3,4,4,3,3,4,3,3,2,3,3,3,2,2,2,3,3,3,2,3,3,3,3,3,2,4,4,2,3,3,3,3,3,2,3,4,3,3,2,2,3,3,3,2,4,4,5,4,3,3,3,3,3,3,3,3,3,3,2,3,3,3,4,2,3,3,3,3,3,3,3,3,3,4,4,3,3,3,3,3,2,3,3,3,2,2,3,3,3,3,2,3,3,3,3,3,3,3,4,2,3,3,3,2,3,3,3,3,3,3,2,2,2,3,3,3
R_eP3Fo5ekVzAY8gl,Dom,4,3,3,3,3,3,4,3,3,4,3,4,4,3,3,3,3,3,4,3,3,3,3,3,3,3,3,3,3,3,5,3,3,3,3,3,3,3,3,3,3,3,3,3,3,3,3,4,3,3,3,3,3,4,3,3,3,3,3,3,3,3,3,4,3,3,3,2,2,3,3,4,3,3,4,3,4,4,4,3,3,4,4,4,4,3,4,4,3,3,3,3,3,3,3,3,3,3,3,3,4,3,3,3,4,3,3,3,4,3,3,3,3,3,3,3,3,3,3,3,3,3,3,3,3,3,3,3,3,2,3,4,3,3,3,3,3,3,3,3,3,3,3,3
R_81yhoXzgTYdCiSp,Dom,3,3,3,3,3,2,3,2,2,2,2,2,4,2,3,3,2,3,1,3,2,2,2,2,1,2,3,2,2,5,3,2,2,3,1,2,1,4,5,6,3,2,2,4,2,2,5,3,5,2,2,3,3,4,2,1,2,1,3,2,4,1,1,2,1,1,2,1,3,1,7,3,2,2,4,2,2,2,3,2,2,3,1,2,3,4,2,2,1,2,2,4,4,3,3,3,2,2,3,3,3,4,3,5,2,4,3,4,1,5,3,2,1,1,1,4,6,4,3,1,4,1,1,1,3,1,3,3,4,1,5,5,5,1,3,2,2,3,2,2,1,2,4,2
R_6LSlqLTMlVpuoG9,Dom,6,5,6,2,3,3,3,3,3,4,3,6,5,2,4,4,5,5,5,6,4,3,2,4,4,5,2,4,3,6,4,4,3,4,5,3,1,4,4,6,3,6,3,4,4,4,5,4,3,1,5,4,5,3,4,3,4,3,4,2,3,1,5,3,3,4,3,3,5,1,6,5,5,5,6,4,3,4,4,3,5,5,5,5,5,5,5,5,4,5,3,4,3,3,3,4,3,4,5,6,4,3,3,5,3,5,4,4,4,3,4,4,4,4,5,3,5,4,4,4,4,5,4,5,5,5,4,3,5,3,4,3,4,3,5,4,3,4,3,2,4,4,5,5
R_5dKT3O6xmk6CldH,Dom,3,3,3,1,2,3,3,1,1,3,3,3,2,3,2,2,2,3,3,4,1,2,4,4,4,3,2,4,4,3,2,1,3,3,2,4,1,1,2,5,3,6,1,3,3,2,2,2,4,3,3,3,1,3,3,1,3,2,3,1,4,3,2,4,3,2,1,2,3,1,1,2,3,3,4,3,4,2,4,2,4,2,2,3,2,5,3,4,1,3,3,3,1,3,3,3,4,3,3,2,3,3,3,1,2,2,1,2,2,2,1,5,4,3,3,1,2,2,3,2,2,1,2,3,1,3,3,1,3,2,2,1,5,3,4,4,3,3,1,2,2,1,1,2
R_3C7eOeUmgOFiGc5,Dom,3,5,5,4,5,3,5,4,7,4,6,5,2,4,3,4,4,3,4,5,3,4,7,7,5,4,3,7,5,6,4,4,3,4,3,5,2,7,2,5,4,5,5,5,3,6,5,5,5,1,5,2,4,4,3,3,3,6,6,3,5,6,4,3,6,6,6,2,7,6,5,5,5,7,4,6,5,3,6,5,4,4,4,5,6,5,4,3,4,5,5,4,3,5,3,4,4,3,5,5,2,4,4,6,5,3,3,4,5,5,5,6,5,4,5,6,7,4,5,5,4,7,4,7,5,3,6,5,5,5,5,4,7,5,3,4,5,6,2,5,5,5,3,5
R_4H2To6EMHOby7Bz,Dom,3,5,5,3,5,4,4,3,5,4,5,3,4,3,4,5,3,3,5,4,5,3,3,5,4,4,4,3,3,5,5,3,4,4,3,6,2,4,4,5,4,4,2,4,5,5,5,3,5,4,3,3,5,4,5,3,2,2,2,3,4,2,3,6,6,4,2,3,4,3,5,4,4,4,3,4,3,4,4,3,3,4,4,4,3,3,2,4,3,4,4,4,4,3,4,4,4,4,4,4,4,3,3,5,4,4,4,4,2,5,3,4,4,5,4,3,3,4,3,3,4,3,4,4,3,4,3,4,5,2,3,3,4,4,3,4,2,3,3,3,3,3,5,3
R_erlMoM6Yeo6NbAp,Dom,7,6,4,3,3,4,4,3,4,5,6,5,5,5,6,5,2,3,7,4,5,6,3,3,6,5,4,4,4,5,4,4,5,4,5,6,4,2,2,3,5,5,2,4,4,3,3,2,3,3,3,4,3,4,4,4,4,2,4,4,2,3,2,4,4,3,2,3,3,3,4,3,4,4,4,3,3,4,4,4,6,4,4,4,4,4,4,4,4,4,6,6,4,4,4,4,3,4,4,4,4,3,4,4,4,4,4,3,3,4,4,4,4,4,4,4,4,4,4,4,4,4,6,4,2,4,4,2,4,3,3,4,3,3,3,2,4,2,2,2,3,3,3,3
R_9vjGbSZzCnGVVqJ,Dom,7,4,6,3,4,5,5,3,6,3,4,4,4,3,2,3,3,3,6,5,5,4,4,3,6,6,5,4,5,7,4,5,3,6,5,5,2,6,5,5,3,4,3,2,6,6,4,3,6,5,2,6,2,6,7,4,2,2,2,4,6,3,2,5,7,2,1,1,2,3,5,2,5,5,7,5,3,4,5,5,5,4,5,4,3,3,5,3,2,2,5,4,5,4,5,4,5,4,4,4,4,3,5,3,3,4,5,5,1,5,3,6,4,5,4,5,4,3,5,3,6,5,5,4,2,7,3,3,4,3,2,4,6,4,3,5,6,3,2,3,2,3,5,7
R_0NFUiSreVZZdLDv,Dom,5,3,5,2,4,2,4,3,5,4,3,4,5,3,4,4,2,3,4,4,3,4,3,2,4,4,5,3,2,4,2,4,4,2,3,5,3,6,3,2,3,4,3,2,5,3,2,3,4,2,2,2,3,4,3,2,2,2,3,4,3,3,2,3,3,3,2,3,3,2,3,3,4,3,3,3,4,3,5,3,3,4,3,3,4,3,4,2,3,3,3,2,3,4,5,3,4,4,2,3,3,4,3,3,5,2,2,5,3,3,2,3,3,2,2,2,4,3,2,4,5,3,4,3,4,4,3,2,3,4,2,3,2,3,2,2,3,2,2,2,3,3,2,3
R_3RggnOXAqDB6JEN,Dom,5,5,7,3,2,3,7,4,6,6,5,7,2,2,3,3,3,6,7,6,6,2,4,5,3,6,3,3,1,7,6,3,4,6,3,7,1,5,5,3,3,3,2,2,1,3,4,2,5,5,3,6,1,7,5,4,2,5,6,2,2,3,5,6,4,6,5,2,5,3,4,6,4,6,4,5,2,2,6,6,5,6,3,3,4,1,4,6,1,2,5,5,6,4,6,4,5,6,6,4,4,6,6,4,3,4,3,5,2,4,5,6,3,2,2,4,3,5,2,1,2,2,7,5,1,7,7,4,1,4,5,5,2,3,3,3,3,5,4,2,6,1,5,5
R_6wZurRfLewPtawB,Dom,6,5,6,4,3,5,3,4,6,4,5,5,4,3,2,5,3,5,5,3,4,4,4,3,3,3,3,4,4,6,4,2,6,5,4,3,2,5,3,6,3,3,3,3,3,3,4,3,3,3,5,2,5,5,3,5,4,2,3,4,4,3,1,5,5,6,2,2,3,2,6,5,4,4,6,3,6,3,6,3,4,3,4,4,3,4,5,7,4,3,6,5,5,4,3,4,3,3,4,6,4,5,5,4,5,5,4,5,2,7,6,5,5,4,5,4,4,5,5,3,4,6,6,3,5,5,4,3,3,3,2,4,5,3,2,3,5,5,3,2,3,3,5,4
R_79hIG8gZEHRJj01,Dom,5,4,7,4,1,4,2,6,6,4,7,4,6,6,6,5,6,1,5,5,1,1,4,2,5,4,3,2,5,6,5,3,5,6,1,6,1,4,7,4,6,1,6,5,3,4,4,3,7,2,3,3,5,7,5,3,4,3,4,1,3,1,4,2,1,4,2,1,2,1,7,7,6,7,7,4,5,5,4,5,3,5,3,3,3,4,3,6,4,1,7,4,1,6,6,4,4,7,5,7,5,7,6,2,7,2,3,5,3,5,7,6,7,4,3,5,2,3,3,1,6,2,5,2,4,5,6,3,3,2,3,5,4,5,3,6,5,5,4,3,3,1,6,3
R_0AElcVmWVB60Ua9,Dom,3,3,3,3,3,3,4,3,3,3,4,4,4,3,3,4,3,3,4,4,2,2,2,4,3,4,3,4,4,3,3,2,3,5,3,3,2,3,3,4,4,3,4,3,3,3,3,3,4,2,4,2,3,3,3,2,3,2,2,3,4,2,2,4,3,2,3,2,3,2,2,3,3,3,2,3,3,3,3,3,3,3,3,3,3,3,2,3,3,3,3,3,3,3,3,4,3,3,4,3,4,3,3,4,3,4,3,4,2,3,2,2,2,3,2,2,2,2,2,2,2,2,4,2,4,3,3,3,4,3,3,4,4,3,3,4,3,3,3,2,2,3,4,4
R_9TBH3XXbJ4Re6Wh,Dom,6,4,6,3,2,5,4,4,3,4,4,5,3,3,6,4,3,2,3,4,2,3,4,2,5,6,6,4,4,6,4,3,6,4,5,2,1,5,3,4,4,2,1,3,2,3,4,3,3,3,4,4,2,6,3,4,2,1,2,4,3,2,4,2,3,3,1,1,2,1,5,3,4,5,4,3,3,4,4,4,3,5,4,4,4,5,6,4,3,4,5,4,5,4,3,3,6,5,4,4,5,7,4,4,4,3,3,3,2,5,2,3,2,3,3,2,2,3,2,1,3,2,4,3,2,4,4,5,2,3,3,3,4,2,5,2,2,3,1,2,2,1,3,3
R_3f9A2RTVX8T3lml,Dom,3,3,3,3,3,4,4,3,2,4,3,5,4,3,3,3,2,3,6,3,1,4,2,3,2,3,3,2,2,4,3,2,3,2,4,2,3,4,2,3,2,3,3,3,3,4,4,4,3,4,3,4,3,3,2,3,2,2,1,3,3,2,1,2,2,1,1,2,2,2,3,2,4,2,3,6,5,7,6,2,3,2,3,2,5,4,2,6,3,5,5,5,4,4,4,4,4,3,4,4,5,4,3,3,4,3,4,3,6,3,5,2,2,2,2,2,5,2,7,6,6,6,2,3,5,2,4,3,3,4,4,3,3,4,4,4,3,4,5,3,3,4,4,4
R_02pu7ECoRHtez2d,Dom,7,2,4,2,4,5,5,2,6,6,5,4,3,2,2,4,4,3,4,5,3,2,4,4,6,6,3,3,3,7,6,2,2,4,3,5,1,6,3,3,3,5,6,2,4,4,4,2,6,4,3,6,3,6,4,4,3,3,3,2,6,2,3,2,5,2,4,1,5,2,5,2,6,5,6,3,1,3,6,5,5,6,4,4,4,4,2,4,3,2,5,3,3,3,3,4,3,2,3,2,4,7,4,3,5,3,6,3,2,4,3,2,3,2,3,4,3,5,4,2,6,6,5,4,3,4,4,2,4,1,2,2,5,2,2,2,5,4,4,2,2,1,3,5
R_0HUIRiAXA6oA1BX,Dom,5,6,7,5,3,5,6,6,6,6,5,6,4,6,4,4,4,4,7,7,6,5,4,4,4,7,5,3,5,7,7,3,4,7,5,6,5,7,4,4,5,4,5,4,5,4,5,3,5,5,5,6,5,6,6,1,2,4,4,5,4,1,1,2,3,3,3,3,3,1,7,3,7,6,7,6,6,5,7,4,4,6,6,4,5,5,6,4,4,3,6,4,5,6,4,4,6,4,5,6,6,6,4,3,4,3,4,6,4,6,4,4,4,3,3,4,4,4,3,4,5,5,5,5,4,6,4,5,4,3,6,4,6,5,4,5,5,4,4,3,4,3,4,5
R_9MtL6HPFp6AOA8B,Dom,4,5,5,3,3,5,5,4,6,4,4,3,3,4,6,4,3,4,7,4,4,3,3,3,4,6,5,3,3,4,5,5,5,4,3,4,3,4,3,5,3,3,3,3,6,5,4,3,4,6,6,3,4,4,5,7,3,2,3,3,5,4,4,3,4,3,2,2,2,3,5,3,3,4,5,5,4,4,6,3,3,4,4,3,3,4,4,3,2,3,7,4,4,5,4,3,4,5,6,6,3,3,4,3,5,5,4,3,3,5,2,3,2,4,2,4,6,6,7,2,3,2,5,3,5,6,5,6,4,3,3,3,5,4,5,3,3,2,3,2,3,3,3,5
R_eICAA0gQBpFf7Jr,Dom,5,5,3,3,2,4,5,5,4,3,5,5,3,3,3,4,2,3,4,4,2,4,3,3,5,5,4,4,4,5,4,2,5,4,4,4,1,4,4,2,4,3,4,3,2,2,3,2,6,2,5,5,2,5,6,2,3,3,2,3,3,2,3,4,5,2,1,2,3,1,5,3,5,4,5,5,4,4,4,4,4,5,4,5,4,4,4,5,2,2,6,4,4,4,4,3,5,5,5,4,5,5,4,4,4,5,4,4,3,5,4,4,4,3,4,4,4,4,5,2,5,4,6,5,3,5,3,4,3,2,2,3,4,2,4,3,5,4,2,2,2,2,4,3
R_ai2PjiDNCb2ypOB,Dom,6,5,5,4,5,4,5,5,5,4,4,4,4,4,4,4,4,6,4,4,5,4,4,5,4,4,4,4,5,5,5,4,5,5,4,5,3,6,5,5,6,5,5,5,4,5,4,4,5,6,3,4,6,6,5,5,4,4,4,4,5,4,5,5,5,5,4,4,4,4,5,4,4,4,5,4,4,3,4,5,4,4,4,4,4,4,5,5,3,2,4,4,4,5,4,4,5,5,5,5,5,5,4,4,4,5,5,5,4,5,5,5,4,4,5,3,3,3,4,3,5,5,3,4,3,5,4,5,4,5,5,4,5,4,4,3,5,5,4,4,3,4,5,4
R_abl82GMX779zLnL,Dom,6,7,4,4,3,5,2,1,1,1,2,7,7,1,6,2,1,2,1,2,3,2,2,2,1,2,2,2,1,1,2,1,1,1,7,2,7,7,5,7,7,7,7,7,7,4,7,5,1,2,7,6,5,7,5,7,6,6,4,7,6,6,7,6,6,5,6,5,4,4,7,4,2,2,2,2,2,2,4,2,2,2,2,3,2,2,2,2,2,2,5,3,3,2,1,2,1,2,1,7,6,7,7,2,1,1,1,1,6,5,4,5,6,5,5,5,5,6,6,6,4,5,6,6,5,5,7,6,7,7,7,7,7,7,5,6,7,6,7,3,5,1,7,7
R_096bx3PkSQJrGfj,Dom,1,6,1,5,1,4,1,6,1,5,4,6,5,5,4,4,1,1,4,6,4,6,1,2,5,6,6,2,5,1,4,1,5,4,4,5,2,6,1,5,1,2,2,5,1,3,3,1,6,2,6,2,6,6,2,3,2,2,1,4,2,1,2,2,1,1,1,1,2,3,2,1,2,2,1,3,3,2,3,3,3,2,3,2,3,3,4,4,1,1,2,2,2,3,1,2,1,1,1,1,2,2,1,1,2,1,2,1,2,2,1,1,2,1,1,1,2,2,2,1,1,1,2,2,1,1,2,1,2,1,2,1,3,1,1,2,1,2,2,3,1,1,2,1
R_9od1am80b4wBWq9,Dom,6,4,5,4,3,4,4,4,5,4,4,5,4,4,3,5,4,4,4,4,5,4,3,4,4,5,4,3,5,6,4,5,3,4,4,5,2,4,4,3,3,4,2,3,3,2,3,3,3,3,2,3,4,5,4,3,3,3,3,4,4,3,2,3,4,4,4,2,3,2,2,3,3,4,5,4,4,5,4,4,3,3,4,4,4,3,4,4,4,4,4,4,4,4,4,4,4,3,4,4,4,4,4,4,3,4,4,3,2,3,3,2,2,3,4,4,3,4,3,3,3,3,3,4,2,3,3,3,3,2,3,2,3,3,3,2,5,2,2,2,3,2,2,3
R_eXbmlHBLIaXD4ax,Dom,5,4,5,2,3,5,5,4,3,3,2,6,4,2,3,4,3,4,5,4,4,5,3,4,4,5,5,5,4,6,5,6,4,4,5,4,4,6,3,4,5,4,5,3,4,4,4,4,4,5,2,5,2,4,5,5,4,3,3,3,6,2,4,4,2,4,5,3,5,5,4,5,4,3,5,5,5,6,5,4,5,5,4,4,6,4,5,5,6,5,4,3,4,3,5,5,3,5,5,5,3,4,5,3,3,3,5,5,3,5,6,5,5,3,4,4,6,4,3,4,5,3,4,5,4,5,5,4,5,3,2,5,4,2,4,4,4,3,5,5,2,5,4,3
R_7U3cg0x9a41R4KV,Dom,7,6,7,6,3,7,6,7,7,6,6,7,6,7,6,2,5,2,7,5,6,4,2,4,6,6,6,5,4,7,6,5,4,5,4,6,2,6,5,6,4,7,6,4,4,4,4,4,6,2,4,6,6,7,7,2,2,2,2,2,2,2,2,4,2,6,3,2,4,1,3,6,5,3,6,5,4,4,5,5,5,5,3,6,4,5,4,4,3,2,7,5,4,7,5,4,5,6,7,4,6,7,5,5,6,4,5,6,2,6,2,5,4,3,5,4,3,3,2,1,2,1,6,2,4,6,6,5,2,2,2,4,4,3,2,2,5,5,1,3,3,2,6,2
R_d9YIVEPRzVVw7mR,Dom,4,3,5,3,2,6,5,2,6,7,4,7,4,4,4,5,3,4,6,6,3,5,3,3,6,5,5,5,3,6,4,3,3,5,6,4,2,7,4,3,3,4,4,4,4,4,4,3,6,5,5,4,5,6,6,4,4,3,2,5,5,4,4,4,4,4,3,2,4,2,4,4,3,3,3,4,3,4,6,4,5,6,6,7,4,4,5,4,3,2,7,4,5,4,4,4,6,6,4,6,5,4,4,3,5,5,3,5,2,7,4,5,3,5,4,6,3,5,5,7,6,3,6,5,4,6,6,6,3,3,2,3,6,3,3,4,6,6,3,2,5,2,7,7
R_cGXarPoubL1zEIR,Dom,7,6,7,3,5,5,5,3,7,4,3,6,4,3,5,4,4,6,7,5,3,3,4,3,5,6,3,2,2,6,5,2,4,4,4,6,2,6,3,2,6,2,6,1,3,2,2,5,6,2,5,4,4,6,4,4,2,2,3,4,4,2,6,5,6,2,2,2,3,1,3,7,7,4,6,3,5,4,6,3,7,5,4,7,2,3,4,3,2,3,6,6,6,4,6,5,5,4,6,4,5,6,6,5,6,3,5,4,2,6,5,3,4,3,5,2,2,2,2,6,3,4,6,7,2,6,6,2,2,2,3,3,4,2,6,2,7,3,1,2,3,3,2,6
R_5yH2Qvly4dJwSSV,Dom,6,2,5,3,1,3,4,2,5,3,4,2,1,3,2,4,1,2,4,4,3,3,2,2,3,4,4,2,3,5,2,3,3,3,3,2,1,4,3,3,2,2,3,2,2,2,2,2,3,3,4,4,4,5,2,3,1,2,3,2,3,2,3,2,4,2,1,1,3,1,4,2,2,2,3,2,1,2,2,2,3,3,3,2,1,2,2,2,1,2,4,1,3,3,2,2,4,3,1,1,2,3,1,2,2,1,1,3,1,2,1,1,2,1,2,3,3,2,2,1,2,2,3,2,1,2,1,4,1,1,2,1,2,1,2,2,1,2,2,1,2,1,4,2
R_cO9knj9suvGJu05,Dom,4,3,5,2,3,2,4,2,5,3,4,3,2,3,3,3,4,3,4,2,2,2,2,3,3,3,3,2,2,5,2,2,2,2,2,3,2,4,3,3,4,4,4,3,3,3,3,3,4,3,4,4,3,4,2,2,2,3,2,2,2,2,2,2,2,3,3,3,3,2,2,3,4,4,4,4,4,3,4,4,4,5,5,5,4,4,3,4,5,4,6,5,5,3,4,4,5,6,5,5,5,6,4,3,5,4,5,6,4,5,4,4,5,4,5,4,4,4,4,4,5,5,6,5,5,6,5,5,5,4,5,4,6,5,5,5,4,5,5,5,5,4,4,5
R_bgEoABWVqSqO5ZH,Dom,5,5,5,6,4,4,2,5,6,2,2,5,2,3,4,6,4,3,5,5,5,6,2,3,4,4,3,3,2,5,5,5,3,4,3,5,1,2,2,2,2,2,2,2,2,2,2,2,3,2,2,2,6,5,3,2,2,1,2,2,2,1,2,2,4,2,1,1,1,2,2,2,4,4,3,4,4,4,4,5,3,5,5,3,4,4,4,5,3,3,6,5,5,6,2,3,5,5,4,3,5,5,2,5,4,5,4,5,1,2,1,1,1,1,1,1,1,1,1,1,4,1,2,1,1,2,2,2,1,3,3,2,2,2,2,2,2,3,3,2,4,2,4,6
R_3FafzUfcNcfz8HP,Dom,4,5,4,1,4,4,5,3,5,6,5,7,3,2,5,4,1,1,6,6,3,4,2,5,5,3,7,5,4,4,5,3,3,3,1,4,1,6,5,6,4,5,1,6,4,3,5,4,6,5,5,4,7,7,4,2,1,1,1,1,5,4,2,6,1,2,2,1,4,1,1,1,5,5,3,4,3,6,6,4,5,5,4,3,2,2,3,5,1,1,7,5,4,4,2,6,5,5,4,3,3,5,1,2,2,3,5,4,1,5,1,4,2,2,1,5,4,3,4,2,5,1,4,2,1,6,3,6,1,1,1,3,6,5,1,5,5,1,1,1,5,1,5,1
R_cMy5KdRbBIpAdH7,Dom,4,5,4,4,5,4,4,4,4,4,4,7,4,5,4,4,4,4,5,4,4,4,3,3,5,5,5,4,6,4,4,3,4,6,3,3,3,3,3,4,4,4,3,3,3,2,3,3,2,3,2,2,3,2,3,3,3,3,4,3,4,4,2,4,4,2,2,3,3,4,3,2,5,4,5,4,4,4,5,5,4,5,5,5,5,5,5,4,3,3,5,5,5,5,4,4,5,4,5,5,5,4,5,5,6,5,4,5,2,2,2,2,3,3,2,2,2,2,2,3,3,2,2,2,2,2,3,2,3,3,3,3,3,2,3,3,3,3,2,3,3,2,2,4
R_020Pz1SpTc4elXD,Dom,3,4,4,4,4,4,4,3,5,4,4,4,4,4,4,5,4,3,5,3,2,3,3,3,4,5,5,2,5,5,5,4,4,2,4,2,3,5,3,4,4,3,3,3,4,4,4,4,5,3,6,5,5,3,4,4,3,3,4,4,4,2,3,4,3,4,4,3,4,4,4,4,4,3,4,3,3,2,5,4,4,4,4,3,3,5,5,4,3,2,5,3,4,5,4,4,5,5,4,4,3,3,3,4,4,3,4,4,3,3,2,2,3,2,3,5,4,4,4,4,3,4,6,5,4,5,5,4,3,4,4,4,4,3,4,4,3,3,4,3,3,3,4,5
R_6JAsBaav7ym9JLD,Dom,3,5,4,4,4,4,3,2,4,3,3,4,5,3,5,4,4,5,3,5,4,4,3,4,5,4,5,4,5,5,3,3,4,4,4,5,2,4,3,4,4,5,2,5,3,2,4,4,5,3,3,3,4,4,4,5,3,3,5,3,5,3,5,3,3,3,3,3,5,1,2,4,6,6,5,5,4,4,3,4,4,3,5,5,5,5,4,5,3,4,4,4,5,4,4,4,3,5,4,4,4,3,4,3,4,4,5,5,5,4,4,2,3,3,3,4,3,3,5,2,5,5,5,3,5,5,3,3,4,4,2,4,4,2,4,3,5,4,2,2,3,2,5,3
R_9pfIJT8Us1X7cEt,Dom,7,6,5,2,7,5,4,5,7,3,3,7,5,6,2,3,2,3,5,7,4,3,3,5,5,5,3,4,4,5,4,4,3,4,3,6,3,5,6,4,1,6,1,2,5,4,4,4,4,7,4,4,2,6,6,6,2,2,3,4,5,4,2,4,7,6,5,4,5,2,2,6,6,6,6,4,6,3,7,5,5,4,4,5,3,4,3,4,3,2,3,3,3,4,5,3,3,3,4,3,3,3,5,6,2,3,4,3,3,7,5,2,1,4,2,4,5,5,1,5,6,5,7,6,4,6,5,3,3,2,3,5,6,3,3,5,4,6,2,2,3,1,6,5
R_egGrydzCTAaFw57,Dom,5,5,7,4,2,5,6,4,5,5,5,4,5,4,6,5,3,3,5,5,5,5,5,6,6,6,6,6,6,6,5,3,6,5,5,6,5,6,6,6,5,5,6,4,4,6,3,5,5,5,5,6,6,6,6,5,3,5,4,4,6,5,6,5,5,3,3,3,5,3,6,6,6,6,6,5,6,5,5,5,5,7,7,5,5,5,4,5,4,4,6,3,6,4,5,5,3,4,5,5,4,6,6,6,5,5,5,5,4,6,3,3,4,4,4,4,4,4,5,5,5,6,6,6,4,6,5,3,5,5,3,4,5,5,6,6,6,5,4,4,5,3,6,6
R_8qqSUg9R36plUgJ,Dom,6,5,5,4,3,3,5,4,3,6,4,3,5,4,2,3,3,3,6,4,3,3,3,3,5,3,2,5,5,3,3,4,4,5,5,5,3,6,3,3,5,3,3,3,4,3,2,5,7,6,7,4,5,3,3,4,2,1,1,3,3,1,6,4,6,3,1,1,2,2,6,1,5,5,4,3,4,3,4,2,5,3,4,2,2,3,3,4,2,3,5,3,2,5,5,5,4,3,3,5,3,4,4,3,5,4,2,5,2,3,1,3,5,2,2,2,2,2,3,1,3,2,3,3,2,3,5,4,2,4,2,3,4,2,4,4,2,2,3,3,3,3,2,3
R_0fvTXULVKF2kKOx,Dom,3,4,4,1,1,4,2,3,3,5,4,5,3,2,5,5,1,2,6,5,5,2,2,6,6,5,6,5,3,6,6,5,6,4,6,5,1,6,1,5,2,2,2,3,3,2,4,2,4,2,4,3,2,6,5,2,1,2,2,5,2,1,2,4,3,2,2,1,2,1,2,1,6,5,6,4,6,4,6,5,6,3,5,6,2,2,5,4,4,2,5,3,3,5,4,5,5,6,5,4,4,5,3,5,5,3,5,5,1,4,2,5,6,3,2,4,2,2,4,2,5,2,5,3,2,6,5,5,2,2,2,3,6,3,3,2,4,1,2,1,2,4,4,4
R_7NxbXJ1O3zBH0sR,Dom,7,2,6,1,7,7,7,7,7,1,6,1,7,7,7,7,7,1,7,6,7,7,7,7,7,7,7,7,6,6,7,7,7,6,6,6,7,7,1,7,7,6,1,7,6,7,1,2,1,7,7,7,7,1,6,6,7,7,7,7,6,7,7,7,6,7,7,6,7,7,6,6,7,7,7,7,7,6,7,1,7,7,7,7,7,7,7,6,7,7,6,7,6,7,7,7,7,6,7,7,7,7,7,2,6,6,7,6,7,7,7,7,7,7,7,7,6,7,6,7,7,7,7,7,7,7,7,7,2,7,7,2,2,7,1,1,7,2,1,7,7,2,6,7
R_8jBQP8giVtRqN5X,Dom,7,2,5,3,2,4,4,5,5,4,5,5,3,5,4,4,3,4,5,4,3,5,5,3,4,4,4,3,4,6,4,4,4,3,4,4,2,4,2,4,3,3,2,3,2,2,3,2,5,3,2,4,2,6,4,3,2,2,2,2,4,2,2,4,5,3,2,2,4,1,2,3,4,4,4,3,3,3,3,4,5,5,4,4,4,4,5,4,2,4,5,3,3,3,3,3,5,3,2,3,5,4,2,4,4,3,3,4,2,4,2,2,4,4,4,4,4,3,4,4,4,4,5,5,5,5,4,2,2,1,2,2,3,2,3,2,2,4,2,1,2,2,3,4
R_8jrMkQFUMLcZooJ,Dom,4,3,3,2,2,2,3,4,2,2,3,4,2,2,3,4,2,2,5,3,2,2,3,3,4,4,1,3,4,6,3,3,3,4,5,3,2,2,3,2,3,3,4,2,2,3,2,2,3,2,3,3,2,5,4,2,1,2,1,2,3,1,1,3,4,3,2,1,3,2,4,2,5,3,4,5,4,4,6,5,3,5,5,3,4,5,4,4,3,2,5,2,2,5,3,2,3,4,4,3,2,5,3,4,2,3,2,2,2,4,3,3,2,3,3,3,2,2,2,2,3,3,4,3,3,3,5,2,2,3,2,3,3,2,2,2,2,3,2,2,4,2,4,3
R_4SXmxAXuiu1tk0t,Dom,6,4,6,4,5,4,3,6,5,4,5,4,4,5,5,5,6,5,6,5,5,6,6,4,5,6,5,5,6,6,5,6,6,5,5,6,3,4,4,3,3,2,5,4,3,3,4,2,3,3,4,6,4,6,5,4,3,2,4,3,2,3,7,4,3,6,6,4,4,3,4,6,6,5,6,5,5,5,7,5,5,6,6,6,7,7,7,7,5,6,6,5,4,5,5,4,5,4,5,4,6,6,6,5,3,4,4,4,4,5,3,3,3,3,4,6,4,4,4,3,3,5,6,7,6,7,5,3,3,3,3,2,2,3,4,3,3,3,2,2,3,3,3,4
R_6nZVFcSmYUIMGPj,Dom,7,6,7,7,7,7,7,7,7,7,7,7,7,7,7,7,7,7,7,7,7,7,7,7,7,7,7,7,7,7,7,7,7,7,3,7,2,7,2,3,3,1,2,2,3,2,1,3,2,3,4,7,3,2,2,2,1,2,3,2,1,1,2,2,4,2,1,2,2,1,1,2,7,7,7,7,7,7,7,7,7,7,7,7,7,7,7,7,7,7,7,7,7,7,7,5,7,7,6,7,7,7,7,7,6,7,7,7,1,3,2,2,1,1,1,2,2,2,1,2,1,1,1,1,1,2,2,3,2,3,1,7,2,3,2,2,2,3,2,2,1,2,2,2
R_1BP0NAMmNhcguDb,Dom,5,5,5,4,3,4,4,4,5,3,5,5,4,4,5,4,4,3,5,4,3,4,4,4,4,5,3,5,3,5,4,3,4,4,3,4,3,5,5,5,4,4,3,4,4,3,4,4,4,4,4,3,3,5,4,4,2,3,3,3,4,3,1,4,4,2,2,2,2,2,2,2,4,3,4,4,5,5,5,4,4,4,4,5,3,4,4,4,5,5,6,4,4,5,4,4,5,4,5,5,4,4,4,4,5,4,4,4,3,3,3,3,2,4,4,4,4,4,3,2,4,4,4,4,4,5,4,4,4,3,2,4,5,4,4,4,5,4,4,3,3,3,4,4
R_egMf44ifFXaLs5D,Dom,4,3,3,3,3,2,3,2,2,2,2,3,3,2,2,2,3,1,3,1,1,2,2,4,3,3,3,1,2,4,2,3,3,2,1,3,1,2,1,4,2,3,3,3,2,3,3,3,1,2,3,2,2,2,3,2,1,2,2,2,2,1,3,1,2,1,1,2,2,1,2,2,3,2,2,3,1,1,1,2,1,2,2,2,3,1,2,1,3,2,3,1,3,1,1,2,3,2,3,2,3,2,3,3,3,2,2,2,2,3,3,2,2,2,2,2,2,1,2,2,2,4,2,3,2,3,2,2,2,3,2,3,2,1,3,1,1,3,1,1,3,1,3,3
R_0ogIN85RCwNXGqF,Dom,2,2,1,3,5,6,2,6,4,7,7,6,1,7,1,1,1,2,1,2,2,2,2,1,2,2,2,1,1,2,2,2,2,2,2,5,1,6,2,1,2,3,1,6,1,2,1,1,5,2,1,2,1,6,2,2,2,2,2,1,2,2,2,1,1,1,2,2,2,2,2,2,6,6,6,3,2,4,5,4,5,4,5,4,4,4,4,4,4,2,1,2,1,1,7,1,6,3,2,2,1,7,1,1,1,3,6,1,4,4,4,4,5,4,4,4,3,4,3,3,3,4,4,3,5,4,3,1,1,2,1,2,2,6,3,3,3,5,4,5,2,1,7,7
R_9zZXZqJ5EWlb8Nv,Dom,3,3,4,2,3,3,3,2,3,3,3,3,3,3,3,3,3,1,3,3,3,3,3,2,3,3,3,1,3,3,3,3,2,3,1,3,3,4,3,3,4,2,1,2,3,1,3,2,4,1,1,3,2,4,1,1,3,1,1,1,2,2,3,3,1,3,1,2,1,1,1,1,3,3,3,3,3,3,3,3,2,2,3,3,3,3,3,3,2,1,3,3,3,3,3,3,3,3,3,4,3,2,3,3,3,3,3,3,2,2,2,3,3,2,2,2,2,3,3,2,2,1,1,3,1,1,3,4,2,2,1,2,2,3,3,2,4,2,3,2,1,2,2,4
R_8v00PVIpIEXwAiV,Dom,6,5,7,3,7,3,7,3,7,5,4,5,3,4,3,4,4,3,7,6,4,3,3,7,7,7,4,4,3,6,4,3,3,7,7,7,2,5,4,5,5,5,4,4,7,3,3,4,7,4,3,6,3,7,4,4,7,6,7,5,7,7,4,5,3,3,4,2,5,4,3,4,7,4,6,3,3,4,7,3,7,4,5,7,3,2,2,6,4,4,7,4,4,3,4,5,4,7,3,3,2,4,4,4,3,4,5,6,3,2,3,5,7,4,3,2,3,4,3,7,6,5,4,7,7,7,2,4,3,7,6,7,3,6,3,3,7,5,3,4,4,4,5,3
